question,category,subcategory,audience,demand,evidence,notes
Do you need a license to paraglide?,core-series,licences,beginner-curious,high,"FAQ on PGSF, Lookout, Wills Wing, Benlo, Flybubble (UK), Southern Skies; Skynomad licence page; https://www.skynomad.com/paragliding-license",Country-dependent (US Part 103 plus USHPA ratings; UK no legal licence but BHPA; others mandatory). Alternate: do you need a pilot license for a paraglider?
How high can you fly a paraglider?,core-series,"how high, far, long",beginner-curious,high,"FAQ on Benlo, Yumping, Freedom, Southern Skies; several content-farm pages on the phrase; 2025 news; https://yumping.com/en/adventure-sports-news/faq-paragliding--c1272",Link to altitude record and airspace limits. Alternate: how high do paragliders go?
How long does it take to learn paragliding?,core-series,learning,beginner-curious,high,"FAQ on PGSF, Lookout, Southern Skies, Wills Wing; dedicated pages (paraglidingequipment.com, unanswered.io, Southern Skies); https://www.paraglidingsanfrancisco.com/faq",Alternates: how many days to fly solo?; how long to get a P2?; can I learn paragliding in a week?
What is the difference between paragliding and hang gliding?,core-series,disciplines,beginner-curious,high,Skynomad and Wills Wing FAQs; PGSF blog; Insure4Sport; Matador; Freedom 'Deltaplane or paraglider'; Sendy; https://www.paraglidingsanfrancisco.com/blog/paragliding-vs-hang-gliding,Alternate: paragliding vs hang gliding
How does a paraglider fly?,technical,flight mechanics,beginner-curious,high,"FAQ on Skynomad, Freedom, Yumping, Wills Wing; Britannica; PGSF 'How Paragliding Works' and 'Aerodynamic Lift'; https://www.skynomad.com/faq_paragliding.htm",Alternates: how does paragliding work?; how does a paraglider stay in the air?
How dangerous is paragliding?,industry,safety,beginner-curious,high,Exact phrase targeted by 6+ content-farm pages on hijacked domains (strong volume signal); Freedom FAQ 'What are the risks?'; paraglidingequipment 'Is it worth the risk?'; https://paraglidingequipment.com/blog/is-it-worth-the-risk-how-safe-is-paragliding-in-2025/,"SAFETY. Merge candidate with 'Is paragliding safe?' (one page with both headings, or stance page + data page)"
How much does paragliding cost?,industry,cost,beginner-curious,high,Yumping and Benlo FAQs; r/paragliding 'How much does it cost to get into paragliding?'; cost guides (paraglidingequipment); https://lr.in.psf.lt/r/paragliding,"Umbrella page linking tandem, training and gear costs. Alternate: how much does it cost to get into paragliding?"
Is paragliding safe?,industry,safety,beginner-curious,high,"Lead FAQ on Skynomad, PGSF, Benlo, Wills Wing, Lookout, Yumping, Jocky; PGSF blog; scienceinsights 'what the data actually shows'; https://www.paraglidingsanfrancisco.com/blog/is-paragliding-safe",SAFETY. Flagship page. Alternate: how safe is paragliding?
Can I go paragliding if I'm afraid of heights?,core-series,getting started,beginner-curious,high,"Vertigo question on Yumping, Freedom and Manawa; CheckYeti help article; paragliding.gr 'I want to fly but I'm afraid'; https://help.checkyeti.com/hc/en-us/articles/12622568680722-Can-paragliding-exacerbate-issues-like-sensitive-stomach-or-fear-of-heights",Alternate: do you get vertigo paragliding?
How do I start paragliding?,core-series,learning,beginner-curious,high,"Flybubble 'best way to start', Benlo 'how does a student learn', Wills Wing 'how do you learn to fly', Freedom 'how to become a paraglider pilot', Lookout 'where do I begin'; https://flybubble.com/blogs/blog/paragliding-faq",Alternates: how to become a paraglider pilot?; how do you learn to paraglide?
How far can you fly in a paraglider?,core-series,"how high, far, long",beginner-curious,high,Benlo FAQ 'How high/far can a paraglider go?'; FAI record pages; https://www.benlo.com/pg/faq.html,Link to distance record
How long does a tandem paragliding flight last?,core-series,tandem,beginner-curious,high,"CheckYeti help article; FAQ on PGSF, Lookout, Jocky Sanderson, Manawa, Yumping; Flybubble tandem blog; https://help.checkyeti.com/hc/en-us/articles/18372645467666-What-is-the-duration-of-a-paragliding-flight",Alternate: how long do paragliding flights last?
How old do you have to be to go paragliding?,core-series,getting started,beginner-curious,high,"FAQ on Yumping (children + age limit), PGSF, Flybubble, Lookout, Freedom (FAQ + blog), CheckYeti help centre; https://freedom-parapente.fr/en/blog/how-old-do-you-have-to-be-to-go-paragliding",Split tandem passenger age vs solo training age (varies by country). Alternates: can children go paragliding?; is there an age limit for paragliding?
What is paragliding?,core-series,getting started,beginner-curious,high,"Lead FAQ on Skynomad, Yumping and Wills Wing; Britannica and Wikipedia entries; https://www.skynomad.com/faq_paragliding.htm",Pillar page. Alternates: what is a paraglider?; what is parapente?
What is tandem paragliding?,core-series,tandem,beginner-curious,high,Manawa guide 'How tandem paragliding works?'; USHPA tandem student page; tandem FAQs on most operator sites; https://www.manawa.com/en/articles/the-complete-guide-to-paragliding,Pillar page for curious visitors. Alternate: how does tandem paragliding work?
What is the difference between paragliding and parasailing?,core-series,disciplines,beginner-curious,high,PGSF FAQ and blog; Southern Skies and Lookout FAQs; thisvsthat; Matador; https://www.paraglidingsanfrancisco.com/blog/paragliding-vs-parasailing,Alternate: is paragliding the same as parasailing?
What is the weight limit for paragliding?,core-series,getting started,beginner-curious,high,"CheckYeti help article; weight FAQ on PGSF, Lookout, Jocky Sanderson, Yumping; Flybubble 'maximum body weight'; https://help.checkyeti.com/hc/en-us/articles/18369702973842-What-is-the-weight-limit-for-paragliding",Cover tandem limits (typically ~110-130 kg per CheckYeti) and solo wing weight ranges; also minimum weight. Alternate: can you paraglide if you are overweight?
What should I wear for paragliding?,core-series,tandem,beginner-curious,high,"Two CheckYeti help articles; FAQ on PGSF, Lookout, Jocky, Yumping; Freedom FAQ and blog; https://help.checkyeti.com/en/customer-help/what-should-i-wear-for-my-tandem-paragliding-flight",Alternates: what to wear for tandem paragliding?; what shoes for paragliding?
How fast does a paraglider fly?,technical,flight mechanics,beginner-curious,high,"FAQ on Freedom, Yumping, Southern Skies; Wikipedia speed range ~22-55 km/h; https://www.freedom-parapente.fr/en/faq",Alternate: what is the top speed of a paraglider?
"What do EN A, B, C and D paraglider ratings mean?",technical,equipment,student,high,Supair 'B or B'; XC Mag glider-buying tips; Nova 'Switching from A to B'; Manilla school 'right glider'; DHV safety-class pages; https://www.nova.eu/es/news-stories/article/news/switching-from-a-to-b,SAFETY. Alternates: EN A vs EN B; what is LTF certification?
What happens if a paraglider collapses?,technical,incidents,beginner-curious,high,Wikipedia collapses section; Flybubble control/stall/spin/collapse article; DHV test reports; https://flybubble.com/blog/paraglider-control-stall-spin-collapse,SAFETY. Alternates: what is a paraglider collapse?; why do paragliders collapse?
How does a paraglider go up?,meteorology,lift,beginner-curious,high,Benlo 'How do gliders gain altitude?'; Skynomad 'where is the miracle?'; GMA 'How paragliders get up and stay high'; https://www.benlo.com/pg/faq.html,Alternates: how do paragliders gain altitude?; how do paragliders climb?
How much wind do you need to paraglide?,meteorology,wind,beginner-curious,high,Benlo 'Is lots of wind necessary?'; Yumping 'What wind speed is needed to take off?'; Freedom 'With what wind can you inflate?'; https://yumping.com/en/adventure-sports-news/faq-paragliding--c1272,Alternate: can you paraglide with no wind?
What is the best weather for paragliding?,meteorology,weather,beginner-curious,high,Yumping 'Can you paraglide in any weather?'; Freedom 'What weather conditions can cancel a flight?'; paragliding.gr 'weather in simple terms'; Freedom 'Mastering the weather'; https://www.paragliding.gr/news/the-weather-for-paragliding-in-simple-terms,Alternate: what conditions are good for paragliding?
What is the highest altitude ever reached in a paraglider?,competitions,records,beginner-curious,high,"Wikipedia records (Wisnierska 9,947 m); Freedom blog; Antoine Girard 8,407 m (montagna.tv); 2025 Chinese pilot news; https://freedom-parapente.fr/en/blog/maximum-altitude-record-in-paragliding-ewa-wisnierska","Wisnierska's was an involuntary storm ascent, not an FAI record; separate gain-of-height record. Alternate: paragliding altitude record"
What is the paragliding world record for distance?,competitions,records,beginner-curious,high,FAI CIVL records pages; Freedom on Kayrouz 612 km; Wikipedia records section; https://www.fai.org/page/civl-records,Records change: verify on FAI page before publishing; explain free vs straight vs declared distance
How many people die paragliding each year?,industry,accidents,beginner-curious,high,"Wikipedia fatality stats (US, France); Gitnux and WifiTalents stats pages; scienceinsights; DHV and USHPA accident summaries; https://gitnux.org/paragliding-safety-statistics/",SAFETY: cite by country and year; never a single global number. Alternates: paragliding fatality rate; paragliding death statistics
How much does a paraglider cost?,industry,cost,beginner-curious,high,"Skynomad, Wills Wing, Southern Skies, Lookout FAQs; two paraglidingequipment cost articles; content-farm 'Paraglider costs: 6+ price examples'; https://paraglidingequipment.com/blog/how-much-does-a-paraglider-cost/",Alternate: how much does a full paragliding kit cost?
How much does a tandem paragliding flight cost?,industry,cost,beginner-curious,high,PGSF FAQ; Aletsch Arena 'How much does a paraglider flight cost?'; https://aletscharena.ch/en/live/news/article/how-much-does-a-paraglider-flight-cost,Regional price bands
Do I need any experience to go tandem paragliding?,core-series,tandem,beginner-curious,high,"FAQ on PGSF, Jocky Sanderson, Yumping ('prior knowledge'), Southern Skies; https://www.paraglidingsanfrancisco.com/faq",Alternate: do I need training to fly tandem?
How fit do you need to be to paraglide?,core-series,getting started,beginner-curious,high,"FAQ on Flybubble, Benlo, Wills Wing, Yumping, Southern Skies; https://www.benlo.com/pg/faq.html",Alternates: is paragliding physically demanding?; do you need to be strong to paraglide?
How long can a paraglider stay in the air?,core-series,"how high, far, long",beginner-curious,high,Benlo 'How long do flights last?'; Wills Wing 'How long can you stay up?'; Yumping flight duration; https://willswing.com/pg-faq/,Alternate: how long do paragliding flights last? (solo vs tandem)
Is paragliding scary?,core-series,getting started,beginner-curious,high,Yumping FAQ; Freedom blog 'Is paragliding a scary activity?'; paragliding.gr fear article; https://www.freedom-parapente.fr/en/blog/is-paragliding-a-scary-activity,Merge candidate with fear-of-heights page; keep separate as the 'what does it feel like' page
What is paramotoring?,core-series,disciplines,beginner-curious,high,Southern Skies FAQ (8 powered-paragliding questions); BHPA PPG page; Freedom 'Paragliding or paramotoring'; r/paramotor; https://southernskies.net/info/more-information/faq-s,Alternates: what is powered paragliding (PPG)?; is powered paragliding safe?
Where are the best places to paraglide in the world?,core-series,travel and sites,beginner-curious,high,"Listicles from Hopper, Outlook Traveller, Cultural Daily; ParaglidingMap top sites; https://www.paraglidingmap.com/topsites.aspx",Hub page linking destination answers
How do you land a paraglider?,technical,launching and landing,beginner-curious,high,Skynomad FAQ 'How do you control and land?'; Wikipedia landing section; https://www.skynomad.com/faq_paragliding.htm,Alternate: what is flaring?
How do you steer a paraglider?,technical,flight mechanics,beginner-curious,high,"FAQ on Benlo, Skynomad, Wills Wing; Wikipedia controls section; https://willswing.com/pg-faq/",Alternate: how do you control a paraglider?
How does a paraglider take off?,technical,launching and landing,beginner-curious,high,"FAQ on Skynomad, Wills Wing, PGSF; Wikipedia launching section; https://www.skynomad.com/faq_paragliding.htm",Alternate: how do you launch a paraglider?
How long does a paraglider last?,technical,equipment,pilot,high,Skynomad and Wills Wing FAQs ('how many hours does a paraglider last'); Freedom blog on wing longevity; maintenance guides; https://willswing.com/pg-faq/,Alternate: how many hours does a paraglider last?
What is the best paraglider for beginners?,technical,equipment,student,high,Freedom FAQ 'Which glider to start with?'; 406 'Selecting your first wing'; XC Mag on first paraglider; https://406paragliding.com/selecting-your-first-wing/,Brand-neutral. Alternate: what should my first paraglider be?
How windy is too windy for paragliding?,meteorology,wind,student,high,Derbyshire SC forum 'How windy is too windy'; Cumbria SC strong wind; paragliding.gr; https://derbyshiresoaringclub.org.uk/forum/public-chat/how-windy-is-too-windy,SAFETY. Alternates: what wind speed is too strong for paragliding?; how gusty is too gusty?
What is a thermal in paragliding?,meteorology,thermals,beginner-curious,high,XC Mag 'How to thermal a paraglider'; Flybubble thermal hunting; Fly with Greg; https://xcmag.com/?p=57038,
What is cloud suck?,meteorology,clouds,beginner-curious,high,"May 2025 Chinese pilot story (BBC, CBS, CGTN 'What is cloud suck'); Wikipedia 'Cloud suck'; https://news.cgtn.com/news/2025-05-28/What-is-cloud-suck-the-phenomenon-behind-the-paraglider-incident--1DJVzwUzPPO/share_amp.html",SAFETY. News-driven spike; evergreen explainer
What is the Red Bull X-Alps?,competitions,competition,beginner-curious,high,Wikipedia; Red Bull 'Rules you need to know'; Freedom 'Everything you need to know about X-Alps 2025'; Lacrux; https://www.redbullxalps.com/int-en/rules-you-need-to-know,Alternate: Red Bull X-Alps rules
Does travel insurance cover paragliding?,industry,insurance,beginner-curious,high,"Finder (2 pages), InsureAndGo activity page, Sportscover, many broker pages; https://www.finder.com.au/travel-insurance-paragliding",Tour-client relevance: Atlas tours exclude insurance
How much do paragliding lessons cost?,industry,cost,beginner-curious,high,Benlo 'How much does all this cost?'; Lookout training packages; Derbyshire SC forum 'cost of full equipment and training'; https://derbyshiresoaringclub.org.uk/forum/introductions/cost-of-full-equipment-and-training,Alternate: how much does a paragliding licence cost?
Is tandem paragliding safe?,industry,safety,beginner-curious,high,Jocky FAQ 'Is it safe?'; PGSF safety blog; tandem operator FAQs; https://www.jockysanderson.com/pages/v2_faq,SAFETY. Passenger-intent version of the safety page
What are the best weather apps for paragliding?,meteorology,forecasting,pilot,high,Freedom 'Mastering the weather'; Windy.app paragliding guide; Paragliding Map app; justacro forecast app; https://windy.app/es/guide/mini-guide-to-paragliding-with-windy-app.html,"Alternate: best paragliding forecast websites (Meteo-Parapente, XC Skies, RASP)"
Can I teach myself to paraglide?,core-series,learning,beginner-curious,medium,Answered in both Skynomad and Flybubble FAQs; https://flybubble.com/blogs/blog/paragliding-faq,SAFETY: answer must be an unambiguous no; explain why
Has anyone paraglided off Mount Everest?,core-series,high-altitude,beginner-curious,medium,"Africanews and BizNews (Pierre Carter, 2022); Outside; XC Mag; https://www.africanews.com/2022/05/24/south-african-paraglider-makes-first-legal-flight-off-everest/",Alternate: can you paraglide from Everest?
Is Bir Billing the best paragliding site in India?,core-series,travel and sites,beginner-curious,medium,"Outlook Traveller, Tripoto ('2nd most preferred site across world'), birhp.com guides; https://www.outlookindia.com/traveller/ot-getaway-guides/paragliding-in-bir-billing",Atlas India tour tie-in. Alternate: is Bir Billing the second best paragliding site in the world? (myth-check the claim)
Is paragliding hard to learn?,core-series,learning,beginner-curious,medium,Wills Wing FAQ 'How hard is it to learn paragliding'; unanswered.io guide; paragliding.gr 'Could I learn paragliding?'; https://willswing.com/pg-faq/,Merge candidate with learning-time page
Should I learn paragliding or paramotoring?,core-series,disciplines,beginner-curious,medium,Freedom blog 'Paragliding or paramotoring'; Iveco comparison page; https://freedom-parapente.fr/en/blog/paragliding-or-paramotoring,Alternate: paragliding vs paramotor
What is an SIV course in paragliding?,core-series,learning,pilot,medium,XC Mag 'Tuesday Tip: Is SIV for me?'; HPAC SIV page; Jocky Sanderson SIV FAQ; https://xcmag.com/news/tuesday-tip-is-siv-for-me/,SAFETY. Alternates: is SIV worth it?; when should I do SIV?; is SIV dangerous?
What is the difference between paragliding and skydiving?,core-series,disciplines,beginner-curious,medium,PGSF blog 'Paragliding vs. Skydiving'; Lookout FAQ; https://flylookout.com/faq,Merge candidate with parachute question
What is a reserve parachute in paragliding?,technical,equipment,student,medium,Yumping 'What safety systems do paragliders use?'; Freedom 'All about the rescue parachute'; https://freedom-parapente.fr/en/blog?p=2,SAFETY. Alternate: how does a paraglider reserve work?
What is a speed bar on a paraglider?,technical,equipment,pilot,medium,Flybubble 'How to use your speedbar safely'; XC Mag speed bar tips; El Speedo set-up guide; https://flybubble.com/blog/how-to-use-your-speedbar-safely,SAFETY: collapses at speed. Alternate: how do you use a speed bar?
What is a spiral dive in paragliding?,technical,incidents,pilot,medium,XC Mag spiral dive technique and 'The death spiral'; Ozone spiral and stable spiral; justacro; https://flyozone.com/paragliders/infozone/tips-and-advice/spiral-dives-and-stable-spiral,SAFETY. Alternates: how do you exit a spiral dive?; what is a stable spiral?
What is the glide ratio of a paraglider?,technical,flight mechanics,student,medium,Wikipedia (about 9 to 13); glide-ratio calculators; https://en.wikipedia.org/wiki/Paragliding,Alternates: what does glide ratio mean?; how far can I glide from 1000 m?
What size paraglider do I need?,technical,equipment,student,medium,Flybubble weight-range articles (3); Freedom FAQ on size and total weight in flight; paragliding.com takeoff weight; https://flybubble.com/blogs/blog/paragliders-weight-ranges,Alternates: what is takeoff weight?; where should I fly in the weight range?
When should I move up from an EN A to an EN B paraglider?,technical,equipment,pilot,medium,Nova 'Switching from A to B'; XC Mag 'ignore step-up pressure'; Supair; https://xcmag.com/magazine-articles/top-tips-for-buying-a-glider,SAFETY
Is paragliding more dangerous than skydiving?,industry,safety,beginner-curious,medium,Content-farm 'paragliding vs skydiving which is safer'; Mountain Project forum threads; PGSF blog; https://www.mountainproject.com/forum/message/124793204,SAFETY
What are the most common causes of paragliding accidents?,industry,accidents,pilot,medium,PubMed injuries study; BJSM; Austrian aviation crash study; DHV statistics; https://pubmed.ncbi.nlm.nih.gov/32663899/,SAFETY
Am I too old to learn paragliding?,core-series,learning,beginner-curious,medium,Flybubble FAQ; Southern Skies 'Is this sport only for youngsters?'; Freedom FAQ 'up to what age'; https://flybubble.com/blogs/blog/paragliding-faq,Alternate: what is the maximum age for paragliding?
Can I fly a paraglider solo?,core-series,learning,beginner-curious,medium,Yumping 'Can I paraglide solo?'; Southern Skies 'how long until I can solo'; https://yumping.com/en/adventure-sports-news/faq-paragliding--c1272,Tandem vs training route. Alternate: can you paraglide alone?
Can you go paragliding with a disability?,core-series,getting started,beginner-curious,medium,Yumping FAQ; Lookout FAQ (disability tandem); https://yumping.com/en/adventure-sports-news/faq-paragliding--c1272,Adaptive tandem equipment and accessible programmes
Do paraglider pilots need oxygen at high altitude?,core-series,high-altitude,pilot,medium,"2025 cloud-suck news coverage ('without oxygen', CBS); judgment; https://www.cbsnews.com/news/paraglider-survives-pulled-28000-feet-into-air-without-oxygen-china",SAFETY: hypoxia; oxygen rules
Do you get motion sickness when paragliding?,core-series,tandem,beginner-curious,medium,Yumping 'Can I get dizzy?'; CheckYeti 'sensitive stomach' article; operator T&Cs; https://yumping.com/en/adventure-sports-news/faq-paragliding--c1272,Alternate: can you throw up paragliding?
Do you have to run off a cliff to paraglide?,core-series,tandem,beginner-curious,medium,PGSF FAQ 'Do I have to run off a cliff?'; Southern Skies 'How far do you have to run?'; https://www.paraglidingsanfrancisco.com/faq,Alternate: what is a paragliding launch like?
How do I become a tandem paragliding pilot?,core-series,people and lifestyle,pilot,medium,USHPA instructor page; APPI non-commercial tandem page; Freedom 'How to become a paragliding instructor'; https://flyappi.org/education_system/non_commercial_tandem,Alternate: tandem paragliding pilot requirements
How do you travel with a paraglider on a plane?,core-series,travel and sites,pilot,medium,paraglidingequipment.com travel tips; Turkish Airlines sports-equipment page; Eurosender guide; https://www.turkishairlines.com/ar-kw/any-questions/sports-equipment/parachuting-paragliding,Alternate: can you take a paraglider on a plane?
Is paragliding a good hobby?,core-series,people and lifestyle,beginner-curious,medium,judgment; r/paragliding threads 'How much does it cost to get into paragliding?' and 'Looking at getting into the sport'; https://lr.in.psf.lt/r/paragliding,Alternates: is paragliding worth it?; is paragliding expensive as a hobby?
Is paragliding in Interlaken worth it?,core-series,travel and sites,beginner-curious,medium,MySwitzerland offer page; tour-switzerland complete tandem guide; AAA listing; https://www.tour-switzerland.ch/guides/paragliding-interlaken/,
What are the best books for learning to paraglide?,core-series,learning,student,medium,Flybubble course FAQ 'What study materials do you recommend?'; XC Mag 'Paragliding: The Beginner's Guide' review; Touching Cloudbase listings; https://xcmag.com/news/paragliding-the-beginners-guide-magnificent/,Alternate: what should I study before a paragliding course?
What happens if the weather is bad on the day of my paragliding flight?,core-series,tandem,beginner-curious,medium,"FAQ on Yumping, Freedom, Lookout (refunds), Jocky; https://flylookout.com/faq",Alternate: what weather cancels a paragliding flight?
What is a P2 paragliding rating?,core-series,licences,student,medium,USHPA ratings pages; PGSF P2 certification page; Southern Skies 'What is this P rating?'; https://ushpa.org/page/ratings-and-skills-introduction,US-specific. Merge candidate with USHPA ratings ladder
What is an IPPI card in paragliding?,core-series,licences,pilot,medium,FAI/CIVL IPPI pages; SAHPA IPPI page; Skynomad licence page; https://sahpa.co.za/membership/ippi-card/,Internal link: Atlas tours require IPPI 2 or equivalent
What is ground handling in paragliding?,core-series,learning,student,medium,judgment; launching and controls sections of Wikipedia; https://en.wikipedia.org/wiki/Paragliding,Alternate: what is kiting a paraglider?
What is hike and fly paragliding?,core-series,vol-biv,pilot,medium,406 Paragliding hike and fly range; Salewa; Lacrux mountaineering and paragliding guide; https://lacrux.com/en/klettern/mountaineering-and-paragliding-information-risks-equipment,Alternate: what is a lightweight paraglider setup?
What is speed flying?,core-series,disciplines,beginner-curious,medium,Wikipedia speed flying article; BHPA speed flying page; USHPA 'What are the sports'; HPAC explainer; https://bhpa.co.uk/sport/sf,Alternates: speed flying vs paragliding; what is speed riding?
What is vol-biv paragliding?,core-series,vol-biv,pilot,medium,Nova vol-biv stories; Six Moon Designs trip report; Will Gadd; Freedom 'Paragliding bivouacs'; https://www.sixmoondesigns.com/blogs/newsletter/trip-report-vol-bivouac-paragliding,Alternate: what is bivouac flying?
Where is the best paragliding in Europe?,core-series,travel and sites,beginner-curious,medium,Manawa '10 Best Paragliding Spots in Europe'; Freedom '7 best paragliding sites in France'; https://www.manawa.com/en/articles/10-best-paragliding-spots-in-europe,
Who invented paragliding?,core-series,history,beginner-curious,medium,"History pages from USHPA, XC Mag (David Barish), Freedom Parapente, paragliding.gr, PGSF; https://www.ushpa.org/page/history-of-paragliding.aspx",Alternate: when was paragliding invented? (Barish 1960s; Mieussy 1978)
Does a paraglider have an engine?,technical,flight mechanics,beginner-curious,medium,Yumping FAQ 'Does a paraglider have an engine?'; Wills Wing 'How is paragliding different from...'; https://yumping.com/en/adventure-sports-news/faq-paragliding--c1272,Short answer; link to paramotor page
How do you descend quickly in a paraglider?,technical,flight mechanics,pilot,medium,"Wikipedia controls (big ears, B-stall, spiral); glider manuals; https://en.wikipedia.org/wiki/Paragliding",SAFETY. Hub for rapid descent techniques
How much does a paraglider weigh?,technical,equipment,beginner-curious,medium,XC Mag lightweight wing reviews; Nova Codex spec; r/paragliding 'How big is a packed up paraglider?'; https://lr.in.psf.lt/r/paragliding,Alternate: how big is a packed paraglider?
How often should a paraglider be checked?,technical,equipment,pilot,medium,Niviuk glider check pages; 406 maintenance guide; Planet Paragliding service; https://406paragliding.com/paraglider-maintenance-why-it-matters-when-to-inspect-and-how-to-keep-your-wing-airworthy/,SAFETY. Alternate: paraglider service interval
How often should you repack a paragliding reserve?,technical,equipment,pilot,medium,paragliding.gr reserve repacking; Gin and Advance reserve manuals; 406 repacking guide; https://www.paragliding.gr/news/reserve-parachute-maintenance-repacking,SAFETY
Is a paraglider the same as a parachute?,technical,flight mechanics,beginner-curious,medium,Southern Skies 'How is a paraglider different from a skydiving parachute?'; Lookout FAQ; https://southernskies.net/info/more-information/faq-s,
What happens if the wind stops while paragliding?,technical,flight mechanics,beginner-curious,medium,Wills Wing FAQ; Yumping 'What happens if the wind changes?'; https://willswing.com/pg-faq/,
What harness should a beginner paraglider pilot use?,technical,equipment,student,medium,Flybubble harness protector and harness-choice guides; Niviuk best protection; paraglidingequipment 'How to choose your harness'; https://flybubble.com/blogs/blog/modern-paraglider-harness-protectors-key-differences,SAFETY. Alternate: airbag vs foam protector
What is a cravat on a paraglider?,technical,incidents,pilot,medium,Flybubble 'Fix paraglider cravatte'; Fly with Greg safety rules; https://flybubble.com/blog/fix-paraglider-cravatte,SAFETY. Alternate spelling: cravatte; how do you clear a cravat?
What is a stall on a paraglider?,technical,incidents,student,medium,Flybubble control/stall/spin/collapse article; https://flybubble.com/blog/paraglider-control-stall-spin-collapse,SAFETY. Alternate: what is a full stall?
What is a two-line paraglider?,technical,new technology,advanced,medium,"XC Mag reviews (Sol LT2, UP Torre, AirDesign Volt); Nova Codex spec; https://xcmag.com/news/gear-news/sol-paragliders-lt-2-two-line-en-c/",Growing EN C two-liner segment. Alternate: 2-liner vs 3-liner
What is a variometer in paragliding?,technical,equipment,student,medium,"paraglidingequipment 'How to choose your variometer'; DIY vario projects (Elektor, jpralves); https://paraglidingequipment.com/blog/how-to-choose-your-variometer",Alternate: do I need a vario?
What is big ears in paragliding?,technical,flight mechanics,student,medium,Wikipedia controls; glider manuals; SHGC 'Big ears and stalling'; https://shgc.org.uk/news/835e67b1-5aeb-4df1-ba89-c1350ac16620,
What is the difference between an asymmetric and a frontal collapse?,technical,incidents,pilot,medium,DHV safety-class test reports describe both; https://www.dhv.de/db3/muster/safetyclass/id/-2798?lang=en,SAFETY
When should you throw your reserve parachute?,technical,incidents,pilot,medium,"judgment; XC Mag reserve coverage (steerable reserves, Donut review); https://xcmag.com/?p=72786",SAFETY: high stakes; review with instructor-level source
Can a paraglider fly into a cloud?,meteorology,clouds,beginner-curious,medium,2025 cloud-suck coverage; judgment; https://en.wikipedia.org/wiki/Cloud_suck,SAFETY: VFR rules and cloud flying
Can you paraglide in the rain?,meteorology,weather,student,medium,Ozone 'Flying in the rain'; XC Mag; Cumbria SC wet gliders; Derbyshire SC forum; https://flyozone.com/paramotor/infozone/flying-in-the-rain,SAFETY: wet wing and parachutal stall
Can you paraglide in winter?,meteorology,weather,beginner-curious,medium,"Black Yak 'Paragliding in winter, is that possible?'; Manawa winter sites; Advance 'flying in winter'; https://global.blackyak.com/en/blogs/news/paragliding-in-winter",
How do you find thermals when paragliding?,meteorology,thermals,student,medium,Flybubble 'Thermal hunting: finding thermal sources and trigger points'; https://flybubble.com/blog/thermal-hunting-finding-thermal-sources-trigger-points,Alternate: what is a thermal trigger?
How do you read a skew-T for paragliding?,meteorology,forecasting,advanced,medium,Meteo-Parapente emagram guide; Pilots of America and EuroGA skew-T threads; https://portal2.meteo-parapente.com/files/meteo-parapente-emagram.pdf,Alternates: emagram; tephigram
What is a dust devil and why is it dangerous for paragliders?,meteorology,thermals,pilot,medium,TSB Canada report A20W0035; Weather Network; AvWeb; Global News; https://www.theweathernetwork.com/en/news/weather/forecasts/dust-devil-led-to-fatal-paraglider-crash-in-alberta-report,SAFETY
What is cloudbase?,meteorology,clouds,beginner-curious,medium,Windy.app 'What is cloud base'; bmedia 'What is cloudbase?'; 'Touching Cloudbase' book; https://windy.app/blog/what-is-cloud-base.html,Alternate: how high is cloudbase?
What is overdevelopment in paragliding?,meteorology,clouds,pilot,medium,XC Mag 'Flying with overdevelopment' and '45 degree rule'; Red Bull '7 clouds'; Skybrary Cb; https://xcmag.com/fly-better/weather/blowing-up/,SAFETY. Alternates: cumulonimbus; thunderstorms and paragliding
What is ridge soaring?,meteorology,lift,student,medium,Wikipedia 'Lift (soaring)' and 'Ridge lift'; Skynomad ridge and light-wind soaring; https://www.skynomad.com/articles/ridge_soaring.htm,Alternate: what is dynamic lift?
What is rotor in paragliding?,meteorology,wind,student,medium,XC Mag Icaristics 'Flying in the lee'; NZ CAA fatal report (Mt Cheeseman); Cumbria mountain flying; https://xcmag.com/news/icaristics-flying-in-the-lee/,SAFETY. Alternate: what is the lee side?
What is the best season for paragliding?,meteorology,weather,beginner-curious,medium,Freedom FAQ 'In which season can we do paragliding?' and blog 'What is the best season to do paragliding?'; Yumping 'When is paragliding possible?'; https://www.freedom-parapente.fr/en/faq,
What is the best time of day to go paragliding?,meteorology,weather,beginner-curious,medium,CheckYeti 'When is the best time for a flight?'; PGSF 'What time of day do we fly?'; Airtime 'When is best to fly?'; https://help.checkyeti.com/hc/en-us/articles/18372398278290-When-is-the-best-time-for-a-flight,Alternate: what time of day are thermals strongest?
How do you start flying cross-country in a paraglider?,competitions,xc skills,pilot,medium,XC Mag 'Fly 50km or bust' and golden rules; Flybubble '10 tips for progressing in XC'; Nova 'first 200 km'; https://flybubble.com/blog/10-tips-for-progressing-in-xc,Alternate: first XC flight tips
How do you thermal a paraglider?,competitions,xc skills,pilot,medium,XC Mag 'How to thermal a paraglider' and 'Zen and the art of circles'; Fly with Greg; https://xcmag.com/news/zen-and-the-art-of-circles-part-1/,Alternate: how to centre a thermal
What is acro paragliding?,competitions,acro,beginner-curious,medium,Wikipedia competition section (aerobatics); XC Mag acro features; justacro.com; https://xcmag.com/news/infinite-tumbling/,Alternate: can a paraglider fly upside down?
What is cross-country paragliding?,competitions,xc,beginner-curious,medium,Wikipedia competition section; XC Mag 'How to fly cross country: the basics'; https://xcmag.com/news/information-overload/,Alternate: what is XC flying?
What is the Paragliding World Cup?,competitions,competition,pilot,medium,Wikipedia PWC; Cloudbase Mayhem ep. 187 'The ABC's of Flying the World Cup'; https://en.wikipedia.org/wiki/Paragliding_World_Cup,
What is the longest paragliding flight ever?,competitions,records,beginner-curious,medium,XC Mag record coverage (e.g. Baziuk 437 km); Freedom 'Men's and women's records beaten in 2 days'; https://www.freedom-parapente.fr/en/blog/mens-and-womens-paragliding-world-records-beat-in-2-days,Duration is not an FAI category; answer by distance and hours aloft
Who has won the most Red Bull X-Alps?,competitions,people,beginner-curious,medium,Red Bull X-Alps and XC Mag on Chrigel Maurer's eighth win; https://www.redbullxalps.com/news/chrigel-maurer-sui1-has-done-it-again-the-eagle-has-won-his-eighth-red-bull-x-alps-in-six-days-six-hours-and-one-minute,Update after each edition
Do paraglider pilots need insurance?,industry,insurance,student,medium,Flybubble FAQ personal accident insurance; Freedom FAQ insurance price; Jocky public liability; https://flybubble.com/blogs/blog/paragliding-faq,Alternate: third-party liability insurance for paragliding
How do I choose a safe tandem paragliding operator?,industry,safety,beginner-curious,medium,Montagna.tv on unlicensed pilots behind fatal accidents; Republica on illegal flights in Nepal; Manali crash coverage; https://www.montagna.tv/54050/pilots-operating-flights-sans-license-behind-fatal-paragliding-accidents/,SAFETY. Strong for India and Nepal tourism queries
Is hang gliding safer than paragliding?,industry,safety,beginner-curious,medium,Insure4Sport comparison; CS Monitor 1988; https://www.insure4sport.co.uk/blog/hang-gliding-vs-paragliding/,SAFETY
Should I buy a new or used paraglider?,industry,cost,student,medium,Skynomad 'Buying second hand paragliding gear'; Flybubble FAQ 'Can I buy my own kit before looking for a school?'; https://www.skynomad.com/buying-second-hand-paragliding-gear,SAFETY. Alternates: what to check when buying a used paraglider?; should I buy gear before school?
What are the best paraglider brands?,industry,brands,student,medium,XC Mag manufacturer directory; PGSF 'Paraglider Manufacturers' page; Wikipedia Advance Thun and Gin Gliders; https://xcmag.com/manufacturer/gin-gliders-manufacturers-directory/,Keep neutral; link Brand Stories series
What are the most common paragliding injuries?,industry,accidents,pilot,medium,BJSM 36/5/365; Aerospace Medicine and Human Performance 2017; https://bjsm.bmj.com/content/36/5/365,SAFETY
Can I take a GoPro or phone on a paragliding flight?,core-series,tandem,beginner-curious,medium,"FAQ on Lookout, Jocky, Freedom ('How to film during a flight'); https://flylookout.com/faq",Drop risk; tandem photo packages
Can you paraglide anywhere?,core-series,rules,beginner-curious,medium,Yumping and Benlo 'where do you take off and land'; legalclarity 'Can you paramotor anywhere?'; https://yumping.com/en/adventure-sports-news/faq-paragliding--c1272,"Airspace, landowner permission, site rules. Alternate: is paragliding legal?"
How do I choose a paragliding school?,core-series,learning,beginner-curious,medium,judgment; Flybubble FAQ 'What's the best way to start paragliding?'; https://flybubble.com/blogs/blog/paragliding-faq,"Federation-approved schools, ratios, insurance"
Is paragliding in Pokhara safe?,core-series,travel and sites,beginner-curious,medium,Himalayan Times on Nepal pilot growth; Republica on illegal tourist flights; https://thehimalayantimes.com/ampArticle/177487,SAFETY
Is Ölüdeniz the best place to paraglide in Turkey?,core-series,travel and sites,beginner-curious,medium,judgment; XC Mag acro feature shot over Ölüdeniz https://xcmag.com/news/new-acro-paragliding-move-the-esfera/,Alternate spelling: Oludeniz; Babadag
What are the USHPA paragliding ratings?,core-series,licences,student,medium,USHPA ratings and skills pages; PGSF P2 and P3 study guides; https://ushpa.org/USHPA/Pilot_Resources/Public/PilotResources/ratings-and-skills.aspx,P1 to P5 ladder; alternate: what is a P3 rating?
What are the right-of-way rules for paragliders?,core-series,rules,student,medium,judgment; covered in USHPA P2 study material; https://www.paraglidingsanfrancisco.com/ushpa-p2-test-study-guide,"SAFETY. Ridge rules, thermal direction, collision avoidance"
What happens on the first day of paragliding school?,core-series,learning,student,medium,Southern Skies FAQ; https://southernskies.net/info/more-information/faq-s,"Ground school, kiting, first hops"
Where do paragliders take off and land?,core-series,travel and sites,beginner-curious,medium,Benlo and Yumping FAQs; https://www.benlo.com/pg/faq.html,"Launch types (mountain, hill, coastal, tow) and landing fields"
Where is the best paragliding in the USA?,core-series,travel and sites,beginner-curious,medium,judgment; US school pages (PGSF Bay Area sites); https://www.paraglidingsanfrancisco.com/faq,Large market; verify with Search Console
Where is the best place to learn paragliding?,core-series,learning,beginner-curious,medium,Flybubble 'Flying Start' course FAQ (training abroad in Spain); judgment; https://flybubble.com/blogs/blog/faqs,Alternate: should I learn to paraglide abroad?
Can paraglider lines break?,technical,equipment,beginner-curious,medium,Southern Skies FAQ; https://southernskies.net/info/more-information/faq-s,SAFETY
How do you pack a paraglider?,technical,equipment,student,medium,XC Mag 'How to pack and take care of your paraglider'; judgment; https://xcmag.com/?p=68075,Concertina packing
How should you store a paraglider?,technical,equipment,pilot,medium,Freedom FAQ storage temperature; XC Mag pack and care; paraglidingequipment maintenance; https://www.freedom-parapente.fr/en/faq,Alternate: how to look after a paraglider
What camera do paragliding pilots use?,technical,equipment,pilot,medium,"r/freeflight recurring gear topic (Insta360, GoPro); camera FAQs on Lookout and Jocky; https://gummysearch.com/r/freeflight",Mounts and safety of selfie sticks
What happens if a paramotor engine stops?,technical,equipment,beginner-curious,medium,Southern Skies FAQ 'If the motor shut off unintentionally...'; https://southernskies.net/info/more-information/faq-s,Answer: you glide; links paramotor page
What instruments do paraglider pilots use?,technical,equipment,student,medium,"Wikipedia instruments (variometers, radios, GNSS, smart glasses); paraglidingequipment vario guide; https://en.wikipedia.org/wiki/Paragliding",
What is a parachutal stall?,technical,incidents,pilot,medium,Skygod airmanship page; Ozone flying-in-rain advice; Gin safety notice; https://stpxml.sourceforge.net/skygod/Airmanship/parachutal.html,SAFETY. Alternate: what is a deep stall?
What is a paraglider made of?,technical,equipment,beginner-curious,medium,Ozone Infozone 'Making your equipment'; Wikipedia equipment section; https://en.wikipedia.org/wiki/Paragliding,"Ripstop nylon, Dyneema/aramid lines"
What is a pre-flight check in paragliding?,technical,launching and landing,student,medium,Wikipedia safety and training section (pre-flight checks); judgment; https://en.wikipedia.org/wiki/Paragliding,SAFETY. Alternate: what is a 5-point check?
What is a spin on a paraglider?,technical,incidents,student,medium,Flybubble control/stall/spin/collapse article; r/freeflight warnings on heavy hands; https://flybubble.com/blog/paraglider-control-stall-spin-collapse,SAFETY. Alternate: negative spin
What is active piloting in paragliding?,technical,flight mechanics,pilot,medium,"judgment; Flybubble control, stall, spin and collapse article; https://flybubble.com/blog/paraglider-control-stall-spin-collapse",SAFETY. Alternate: pitch control
What is the best app for paragliding?,technical,new technology,pilot,medium,Paragliding Map app (App Store); Windy.app paragliding guide; judgment; https://apps.apple.com/app/id449161459,Flight apps (XCTrack etc.) vs forecast apps
What is the difference between a forward and a reverse launch?,technical,launching and landing,student,medium,Wikipedia launching section; judgment; https://en.wikipedia.org/wiki/Paragliding,Alternate: what is an alpine launch?
What is the difference between a low B and a high B paraglider?,technical,equipment,pilot,medium,Supair 'B or B: how to find your way'; https://supair.com/en/b-ou-b-comment-sy-retrouver/,Merge candidate with step-up page
"What is the difference between round, square and steerable reserves?",technical,equipment,pilot,medium,XC Mag Air Design Donut review and steerable reserves design piece; r/freeflight Rogallo reserve discussion; https://xcmag.com/?p=72786,SAFETY. Alternate: Rogallo reserve
How do you forecast a good cross-country day?,meteorology,forecasting,pilot,medium,r/freeflight post 'How are the XC Therm region day ratings determined?'; judgment; https://gummysearch.com/r/freeflight,
How do you read clouds for paragliding?,meteorology,clouds,pilot,medium,Red Bull '7 clouds that will help you predict the weather'; XC Mag weather section; judgment; https://xcmag.com/fly-better/weather/blowing-up/,Merge candidate with overdevelopment page
How do I get into paragliding competitions?,competitions,competition,pilot,medium,British Paragliding Cup FAQs and rules; FAI XC Euro eligibility; https://bpcup.co.uk/faqs2/rules/,
How does paragliding competition scoring work?,competitions,competition,advanced,medium,CIVL GAP documents; XC Mag GAP 2014 and competition briefing; FAI Sporting Code S7F; https://xcmag.com/news/comp-series-understanding-competition-tasks/,Alternates: what is GAP scoring?; what are leading points?
Is paragliding an Olympic sport?,competitions,competition,beginner-curious,medium,FAI 'Paragliding: An Olympic Sport?'; BJSM blog; radio feature; https://fai.org/news/paragliding-olympic-sport,Verify Asian Games inclusion before stating
What is XContest?,competitions,xc,pilot,medium,XContest rules pages; r/freeflight XC flair; https://www.xcontest.org/world/en/rules,Alternate: how are cross-country flights scored?
What is an FAI triangle in paragliding?,competitions,xc,pilot,medium,XContest rules pages (multiple years and countries); https://www.xcontest.org/world/en/rules,Alternate: flat triangle vs FAI triangle
Who is the best paraglider pilot in the world?,competitions,people,beginner-curious,medium,Alpinemag 'Christian Maurer: The King of the X-Alps'; Cloudbase Mayhem ep. 45; judgment; https://alpinemag.com/christian-maurer-king-x-alps/,Subjective; frame via titles and rankings
Is paragliding legal in the United States?,industry,governance,pilot,medium,USHPA FAA resources; PGSF 'Part 103 for ultralights'; AOPA legal briefing; https://www.paraglidingsanfrancisco.com/part-103-for-ultralights,Alternate: what is FAR Part 103?
What is the most dangerous part of a paragliding flight?,industry,accidents,pilot,medium,judgment; accident studies break down by flight phase (PubMed 32663899); https://pubmed.ncbi.nlm.nih.gov/32663899/,SAFETY: takeoff and landing share
What safety equipment do paragliders use?,industry,safety,beginner-curious,medium,Yumping 'What safety systems do paragliders use?'; https://yumping.com/en/adventure-sports-news/faq-paragliding--c1272,"Reserve, harness protector, helmet, radio"
Can you paraglide in Kenya?,core-series,travel and sites,pilot,low,XC Mag Kenya record coverage 2026; The EastAfrican on Kerio Valley; https://xcmag.com/news/you-can-fly-200k-every-day-more-records-fall-in-kenya/,Low search demand but high strategic value (Atlas Kenya tour). Alternate: Kerio Valley paragliding
What are the best paragliding YouTube channels and podcasts?,core-series,people and lifestyle,student,low,r/paragliding thread 'Anyone know of a good youtube channel with a lot of paragliding content?'; https://lr.in.psf.lt/r/paragliding,Strategic: Atlas podcast
What is foehn and why is it dangerous for paragliders?,meteorology,wind,pilot,low,Airtime 'The Alpine Hairdryer'; Chamonix.net foehn; Red Bull X-Alps 'Thunder and turbulence'; https://chamonix.net/english/news/reality-foehn-effect,SAFETY
Can I drink alcohol before paragliding?,core-series,tandem,beginner-curious,low,Yumping FAQ; https://yumping.com/en/adventure-sports-news/faq-paragliding--c1272,SAFETY
Can I fly tandem with a friend who is a paraglider pilot?,core-series,rules,pilot,low,APPI non-commercial tandem page; Yumping 'Can someone accompany me?'; https://yumping.com/en/adventure-sports-news/faq-paragliding--c1272,SAFETY: tandem ratings and insurance
Can I go paragliding with back problems?,core-series,tandem,beginner-curious,low,Operator listings flag spinal injuries as not recommended (e.g. https://lokalee.app/tours/flight-paragliding-in-grenoble),SAFETY: landing loads; medical advice
Can skydivers learn paragliding faster?,core-series,learning,beginner-curious,low,r/freeflight thread from a skydiver starting out; https://reddit.birdcat.cafe/r/freeflight/comments/1kqt3w4/looking_to_start_piloting,Comments warn about heavy hands causing stalls and spins (SAFETY)
Can two people fly on one paraglider?,core-series,tandem,beginner-curious,low,Lookout FAQ 'How many people can be in the gliders?'; https://flylookout.com/faq,Points to tandem page
Can you go paragliding while pregnant?,core-series,tandem,beginner-curious,low,theparaglider.com 'paragliding when pregnant'; https://www.theparaglider.com/paragliding-when-pregnant,SAFETY: medical; defer to doctor and operator
Do birds attack paragliders?,core-series,people and lifestyle,beginner-curious,low,Gadling 'Paraglider collides with vulture'; judgment; https://gadling.com/?p=31746,Also: flying with birds to find thermals
How do I become a paragliding instructor?,core-series,people and lifestyle,pilot,low,Freedom blog; USHPA 'How to become an instructor'; https://ushpa.org/page/how-to-become-an-instructor,Merge candidate with tandem pilot page
How often do you need to fly to stay current as a paraglider pilot?,core-series,learning,pilot,low,judgment,SAFETY: skill fade and returning after a break
Should I join a paragliding club?,core-series,people and lifestyle,student,low,BHPA 'Find a Club' pages; judgment; https://bhpa.co.uk/sport/sf,"Mentoring, site guides, insurance"
What are good gifts for paragliders?,core-series,people and lifestyle,beginner-curious,low,Freedom blog 'Best gift ideas for paragliders'; r/freeflight recurring gift threads; https://gummysearch.com/r/freeflight,Seasonal
What is on the paragliding pilot theory exam?,core-series,licences,student,low,PGSF USHPA P2 and P3 test study guides; https://www.paraglidingsanfrancisco.com/ushpa-p2-test-study-guide,Alternate: USHPA P2 test questions
What is parakiting?,core-series,disciplines,pilot,low,SAHPA parakite advisory (Jun 2026) and MOAP update; Ozone parakites; https://sahpa.co.za/general-notice/2024-11-22/moap-updated-to-address-parakite-concerns/,SAFETY; emerging trend
What is the BHPA Club Pilot rating?,core-series,licences,student,low,Flybubble FAQ (BHPA questions); https://flybubble.com/blogs/blog/paragliding-faq,UK-specific
When is the best time to paraglide in the Himalayas?,core-series,travel and sites,pilot,low,judgment,Atlas India tour tie-in (Oct-Nov season)
Can a paramotor wing be used for paragliding?,technical,equipment,pilot,low,r/paragliding 'Which paramotor wings can also be used for paragliding?'; Wills Wing FAQ; https://lr.in.psf.lt/r/paragliding,
"What are A, B, C and D lines on a paraglider?",technical,equipment,student,low,Wikipedia suspension lines; https://en.wikipedia.org/wiki/Paragliding,Alternate: what are risers?
What happens if a paraglider lands in water?,technical,launching and landing,student,low,judgment; SIV courses run over water with rescue boats (XC Mag SIV tip); https://xcmag.com/news/tuesday-tip-is-siv-for-me/,SAFETY
What happens if you land a paraglider in a tree?,technical,launching and landing,student,low,judgment,SAFETY
What helmet do you need for paragliding?,technical,equipment,student,low,judgment,EN 966 standard
What is FLARM for paragliders?,technical,new technology,pilot,low,UK Airprox Board reports; FLARM site; XC Mag beginner's guide mentions electronic conspicuity; https://www.flarm.com/en/,Alternate: electronic conspicuity
What is a B-line stall?,technical,incidents,pilot,low,Wikipedia controls; glider manuals; https://en.wikipedia.org/wiki/Paragliding,SAFETY
What is a landing approach in paragliding?,technical,launching and landing,student,low,Wikipedia landing (traffic pattern); judgment; https://en.wikipedia.org/wiki/Paragliding,Alternate: aircraft approach vs figure-of-eight
What is a mini wing?,technical,equipment,pilot,low,406 Paragliding Skywalk Spirit mini wing; BHPA guidance on speed and mini wings; https://406paragliding.com/product/skywalk-spirit-mini-wing,
What is a parachute landing fall in paragliding?,technical,launching and landing,student,low,judgment,SAFETY. Alternate: what is a PLF?
What is a paraglider trim check?,technical,equipment,pilot,low,Niviuk inspection page; judgment; https://niviuk.com/en/paraglider-inspection,SAFETY
What is a pod harness?,technical,equipment,pilot,low,Flybubble 'Choose the right paragliding harness'; https://flybubble.com/blog/choose-the-right-paragliding-harness,Merge candidate with harness page
What is a porosity test on a paraglider?,technical,equipment,pilot,low,406 Paragliding porosity article; https://406paragliding.com/porosity-testing/,
What is a shark nose on a paraglider?,technical,new technology,pilot,low,Ozone Infozone 'Sharknose Technology'; https://flyozone.com/paragliders/infozone/tips-and-advice/spiral-dives-and-stable-spiral,
What is a single-skin paraglider?,technical,new technology,pilot,low,Ozone XXLite single-surface wing; judgment; https://vimeo.com/29247558,
What is aspect ratio on a paraglider?,technical,equipment,pilot,low,Nova Codex spec (aspect ratio listed); judgment; https://www.nova.eu/en/gliders/codex/,
What is sink rate on a paraglider?,technical,flight mechanics,student,low,judgment,Merge candidate with glide ratio page
What is trim speed on a paraglider?,technical,flight mechanics,student,low,Wikipedia (trim ~32-40 km/h); judgment; https://en.wikipedia.org/wiki/Paragliding,Merge candidate with speed page
What is weight shift steering on a paraglider?,technical,flight mechanics,student,low,Wikipedia controls (weight shift); https://en.wikipedia.org/wiki/Paragliding,
What is wing loading on a paraglider?,technical,flight mechanics,pilot,low,Flybubble 'Paraglider weight ranges: the numbers'; https://flybubble.com/blog/paraglider-weight-ranges-the-numbers,Merge candidate with size page
What radio do paragliders use?,technical,equipment,pilot,low,Freedom FAQ 'Which radio to use for paragliding?'; https://www.freedom-parapente.fr/en/faq,Alternate: do I need a radio licence?
Why does a paraglider have cells?,technical,equipment,beginner-curious,low,Skynomad 'main components and how does it fly'; judgment; https://www.skynomad.com/faq_paragliding.htm,Ram-air wing explainer
How cold is it when paragliding?,meteorology,weather,beginner-curious,low,Benlo 'What sort of temperatures are encountered in flight?'; https://www.benlo.com/pg/faq.html,Merge candidate with what-to-wear page
How does a sea breeze affect paragliding?,meteorology,wind,pilot,low,BGA opposing-airmasses article; judgment; https://www.gliding.co.uk/wp-content/uploads/2014/10/febmar02exploitingopposingairmasses.pdf,Alternate: sea breeze front
What are anabatic and katabatic winds?,meteorology,wind,pilot,low,Wikipedia 'Anabatic wind'; AMS glossary; Windy.app textbook; https://en.wikipedia.org/wiki/Anabatic_wind,Alternate: valley winds
What is an inversion in paragliding weather?,meteorology,forecasting,pilot,low,judgment; Meteo-Parapente emagram guide; https://portal2.meteo-parapente.com/files/meteo-parapente-emagram.pdf,
What is convergence in paragliding?,meteorology,lift,advanced,low,BGA 'Exploiting opposing airmasses'; Flybubble 'An unusual day'; https://www.gliding.co.uk/wp-content/uploads/2014/10/febmar02exploitingopposingairmasses.pdf,
What is the lapse rate and why does it matter for thermals?,meteorology,forecasting,advanced,low,LibreTexts skew-T chapter; judgment; https://geo.libretexts.org/Bookshelves/Meteorology_and_Climate_Science/Atmospheric_Processes_and_Phenomena/05%3A_Atmospheric_Stability/5.03%3A_Skew-T_Log-P_Diagram,Merge candidate with skew-T page
What do ESS and goal mean in a paragliding competition?,competitions,competition,advanced,low,XC Mag 'Competition briefing: understanding competition tasks'; https://xcmag.com/news/comp-series-understanding-competition-tasks/,Merge candidate with scoring page; turnpoint cylinders
What is an infinite tumble in paragliding?,competitions,acro,pilot,low,XC Mag 'How Raul invented the Infinite Tumble'; justacro tandem tumbling; https://xcmag.com/news/infinite-tumbling/,
What is speed to fly in paragliding?,competitions,xc skills,advanced,low,Skynomad speed-to-fly basics; PGSF 'Speed to Fly'; https://www.paraglidingsanfrancisco.com/speed-to-fly,Alternate: MacCready theory
What is the Paragliding World Championship?,competitions,competition,pilot,low,judgment,
How do I report a paragliding incident?,industry,safety culture,pilot,low,BHPA 'Submit an Incident Report' page; USHPA accident summaries; https://www.ushpa.org/page/2001-paragliding-accident-summary,Link to Dark Side series
Is paragliding more dangerous than riding a motorcycle?,industry,safety,beginner-curious,low,judgment; risk comparisons in Mountain Project threads; https://www.mountainproject.com/forum/message/124789696,SAFETY: comparison methodology caveats
Should I carry a satellite tracker when paragliding?,industry,safety,pilot,low,judgment,"SAFETY: inReach/SPOT style devices, live tracking"
What is USHPA?,industry,governance,student,low,Wikipedia USHPA; Southern Skies 'What is the USHGA?'; https://southernskies.net/info/more-information/faq-s,
What is the BHPA?,industry,governance,student,low,Flybubble FAQ; Wikipedia BHPA; https://flybubble.com/blogs/blog/paragliding-faq,
Who certifies paragliders?,industry,governance,pilot,low,DHV safety-class database; XC Mag shock-test piece; https://service.dhv.de/db3/muster/safetyclass/id/-2871?lang=en,"Merge candidate with EN ratings page (EN 926, LTF)"
Why are paragliders so expensive?,industry,cost,beginner-curious,low,judgment; Ozone Infozone 'Making your equipment' (linked from https://flyozone.com/paragliders/infozone/tips-and-advice/spiral-dives-and-stable-spiral),
Can I go paragliding with glasses?,core-series,tandem,beginner-curious,low,judgment,Short answer page
Can you paraglide at night?,core-series,rules,beginner-curious,low,judgment; no dedicated answer page found in search (content gap),Daylight-only rules (e.g. FAR Part 103 in US); check per country
How do paragliding pilots go to the toilet on long flights?,core-series,people and lifestyle,pilot,low,judgment,Common XC curiosity; light-touch page
What do you call a person who goes paragliding?,core-series,getting started,beginner-curious,low,Freedom Parapente FAQ; https://www.freedom-parapente.fr/en/faq,Glossary entry or fold into 'What is paragliding?'
What is the highest paragliding launch site in the world?,core-series,high-altitude,beginner-curious,low,judgment,Merge candidate with Everest page
Why is paragliding called parapente?,core-series,history,beginner-curious,low,Wikipedia 'Parapente' redirect; https://en.wikipedia.org/wiki/Paragliding,Merge candidate with history page
Are electric paramotors any good?,technical,new technology,pilot,low,judgment,
What gloves are best for paragliding in winter?,technical,equipment,pilot,low,r/freeflight recurring gear topic (winter gloves); https://gummysearch.com/r/freeflight,
What is rear-riser steering on a paraglider?,technical,flight mechanics,advanced,low,judgment,Alternate: C-riser steering
What is top landing in paragliding?,technical,launching and landing,pilot,low,judgment,Glossary candidate
What is a blue thermal day?,meteorology,thermals,pilot,low,judgment,
What is a venturi effect in paragliding?,meteorology,wind,student,low,judgment,SAFETY
What is magic air in paragliding?,meteorology,lift,pilot,low,judgment,Alternate: evening glass-off
What is wave lift and can paragliders use it?,meteorology,lift,advanced,low,Wikipedia 'Lift (soaring)' wave section; judgment; https://en.wikipedia.org/wiki/Lift_(soaring),
What is wind gradient in paragliding?,meteorology,wind,student,low,judgment,SAFETY: landing
How much prize money is there in paragliding competitions?,competitions,competition,beginner-curious,low,judgment,Content gap
What happens when you land out on a cross-country flight?,competitions,xc,pilot,low,judgment,"Retrieves, landowners (r/freeflight etiquette comments)"
What is final glide in paragliding?,competitions,xc skills,advanced,low,judgment,
What is paragliding accuracy competition?,competitions,competition,pilot,low,judgment,Alternate: spot landing
What is the World Pilot Ranking System in paragliding?,competitions,competition,advanced,low,judgment,Alternate: WPRS
Can paragliders fly in controlled airspace?,industry,governance,pilot,low,UK Airprox Board reports involving paragliders; judgment; https://www.airproxboard.org.uk/Documents/Download/2501/498f7604-6e1f-4417-8847-801e6237c3e8/3892,
Does life insurance cover paragliding?,industry,insurance,pilot,low,judgment,
How big is the paragliding industry?,industry,brands,pilot,low,Market-report listings (marketreportsworld paragliders market); judgment; https://www.marketreportsworld.com/pt/market-reports/paragliders-market-14723912,
How much do tandem paragliding pilots earn?,industry,cost,beginner-curious,low,judgment; search returns only skydiving analogues (content gap),
What is the Coupe Icare?,industry,events,beginner-curious,low,judgment,Atlas attends; partners page tie-in
What is the FAI CIVL?,industry,governance,pilot,low,FAI CIVL records pages; https://www.fai.org/page/civl-records,
What should you do if you see a paragliding accident?,industry,safety,pilot,low,judgment,SAFETY
Where are paragliders made?,industry,brands,beginner-curious,low,judgment; Ozone Infozone 'Making your equipment' (linked from https://flyozone.com/paragliders/infozone/tips-and-advice/spiral-dives-and-stable-spiral),
